"","x"
"1","label"
"2","10,-10,"
"3","10,54,"
"4","10,-62,"
"5","10,8,"
"6","169,-169,"
"7","169,19,"
"8","-19,-169,"
"9","-19,19,"
"10","-27,-38,"
"11","31,-31,"
"12","31,33,"
"13","-33,-31,"
"14","-33,33,"
"15","62,-10,"
"16","62,54,"
"17","62,-62,"
"18","62,8,"
"19","-8,-10,"
"20","-8,54,"
"21","85,-85,"
"22","-8,-62,"
"23","-8,8,"
"24","-170,-55,"
"25","-185,170,"
"26","-185,185,"
"27","65,-55,"
"28","-170,170,"
"29","-170,185,"
"30","-185,-55,"
"31","-185,-65,"
"32","65,170,"
"33","65,185,"
"34","-170,-65,"
"35","38,-38,"
"36","55,170,"
"37","55,185,"
"38","65,-65,"
"39","165,-38,"
"40","-185,54,"
"41","-185,-62,"
"42","38,-165,"
"43","38,27,"
"44","38,80,"
"45","55,-55,"
"46","55,-65,"
"47","-80,-38,"
"48","104,-104,"
"49","104,114,"
"50","104,-145,"
"51","104,75,"
"52","-114,-104,"
"53","-114,114,"
"54","-114,-145,"
"55","-114,75,"
"56","165,-165,"
"57","165,27,"
"58","165,80,"
"59","-170,54,"
"60","-170,-62,"
"61","-185,-129,"
"62","-185,20,"
"63","-27,27,"
"64","-283,283,"
"65","-4,-4,"
"66","-4,4,"
"67","4,-4,"
"68","4,4,"
"69","44,-44,"
"70","-54,170,"
"71","-54,185,"
"72","-54,54,"
"73","-54,-55,"
"74","-54,-62,"
"75","-54,-65,"
"76","55,-129,"
"77","55,20,"
"78","55,54,"
"79","55,-62,"
"80","62,170,"
"81","62,185,"
"82","62,-55,"
"83","62,-65,"
"84","65,54,"
"85","65,-62,"
"86","79,283,"
"87","-80,-165,"
"88","-80,27,"
"89","-80,80,"
"90","-92,-44,"
"91","120,-120,"
"92","129,-129,"
"93","129,2,"
"94","129,20,"
"95","129,-62,"
"96","-20,-129,"
"97","-20,2,"
"98","-20,20,"
"99","-20,-62,"
"100","-2,-129,"
"101","-2,2,"
"102","-2,20,"
"103","226,-129,"
"104","226,2,"
"105","226,20,"
"106","226,-62,"
"107","-2,-62,"
"108","-4,"
"109","4,"
"110","-48,48,"
"111","-48,-81,"
"112","-54,-129,"
"113","-54,2,"
"114","-54,20,"
"115","62,-129,"
"116","62,2,"
"117","62,20,"
"118","74,-74,"
"119","81,48,"
"120","81,-81,"
"121","129,-226,"
"122","129,54,"
"123","-20,-226,"
"124","-20,54,"
"125","-2,-226,"
"126","226,-226,"
"127","226,54,"
"128","-2,54,"
"129","-54,-226,"
"130","62,-226,"
"131","23,39,"
"132","23,-23,"
"133","270,157,"
"134","-39,39,"
"135","-70,157,"
"136","-87,157,"
"137","-92,92,"
"138","270,-270,"
"139","270,-64,"
"140","270,-68,"
"141","270,70,"
"142","270,87,"
"143","-39,-23,"
"144","44,92,"
"145","64,157,"
"146","64,-64,"
"147","-70,-270,"
"148","-70,-68,"
"149","-70,70,"
"150","-70,87,"
"151","-87,-270,"
"152","-87,-68,"
"153","-87,70,"
"154","-87,87,"
"155","-54,-10,"
"156","-158,158,"
"157","-158,54,"
"158","-158,-62,"
"159","168,158,"
"160","168,54,"
"161","168,-62,"
"162","-173,158,"
"163","-173,54,"
"164","-173,-62,"
"165","204,158,"
"166","204,54,"
"167","204,-62,"
"168","-27,-165,"
"169","-27,80,"
"170","-54,158,"
"171","62,158,"
"172","129,-156,"
"173","129,228,"
"174","-20,-156,"
"175","-20,228,"
"176","10,-129,"
"177","10,20,"
"178","129,-10,"
"179","129,8,"
"180","-20,-10,"
"181","-20,8,"
"182","-287,163,"
"183","-287,-434,"
"184","323,163,"
"185","323,-434,"
"186","-54,8,"
"187","-8,-129,"
"188","-8,20,"
"189","-76,-4,"
"190","-76,4,"
"191","76,-4,"
"192","76,4,"
"193","64,-68,"
"194","64,70,"
"195","-70,-64,"
"196","-54,277,"
"197","-54,-299,"
"198","62,277,"
"199","62,-299,"
"200","129,382,"
"201","129,-429,"
"202","-20,382,"
"203","-20,-429,"
"204","-382,-129,"
"205","-382,2,"
"206","-382,-226,"
"207","-382,382,"
"208","-382,-429,"
"209","-382,54,"
"210","-382,-62,"
"211","429,-129,"
"212","429,2,"
"213","429,-226,"
"214","429,382,"
"215","429,-429,"
"216","429,54,"
"217","429,-62,"
"218","-54,382,"
"219","-54,-429,"
"220","62,382,"
"221","62,-429,"
"222","201,-201,"
"223","201,-656,"
"224","129,-276,"
"225","129,277,"
"226","129,330,"
"227","129,-356,"
"228","-20,-276,"
"229","-20,277,"
"230","-20,330,"
"231","-20,-356,"
"232","215,-215,"
"233","215,264,"
"234","-264,-215,"
"235","-264,264,"
"236","299,-129,"
"237","299,20,"
"238","299,-276,"
"239","299,277,"
"240","299,330,"
"241","299,-356,"
"242","299,-62,"
"243","-330,-129,"
"244","-330,20,"
"245","-330,-276,"
"246","-330,277,"
"247","-330,330,"
"248","-330,-356,"
"249","-330,-62,"
"250","356,-129,"
"251","356,20,"
"252","356,-276,"
"253","356,277,"
"254","356,330,"
"255","356,-356,"
"256","356,-62,"
"257","62,-276,"
"258","62,330,"
"259","62,-356,"
"260","204,-168,"
"261","-158,-168,"
"262","168,-168,"
"263","-173,-168,"
"264","-54,-168,"
"265","62,-168,"
"266","-158,-99,"
"267","-162,162,"
"268","168,-99,"
"269","204,-99,"
"270","-54,-99,"
"271","62,-99,"
"272","143,-143,"
"273","143,143,"
"274","-445,-4,"
"275","445,-4,"
"276","-130,130,"
"277","-130,-25,"
"278","25,130,"
"279","25,-25,"
"280","-277,54,"
"281","-277,-62,"
"282","299,54,"
"283","-330,54,"
"284","356,54,"
"285","129,-374,"
"286","-20,-374,"
"287","-265,-129,"
"288","-265,-374,"
"289","-265,54,"
"290","-265,-62,"
"291","392,-129,"
"292","392,-374,"
"293","392,54,"
"294","392,-62,"
"295","-54,-374,"
"296","129,565,"
"297","-20,565,"
"298","-265,20,"
"299","-265,565,"
"300","392,20,"
"301","392,565,"
"302","-54,565,"
"303","-20,-299,"
"304","-277,277,"
"305","-277,-299,"
"306","-277,330,"
"307","-277,-356,"
"308","299,-299,"
"309","-54,330,"
"310","-54,-356,"
"311","129,173,"
"312","129,-204,"
"313","129,213,"
"314","-20,173,"
"315","-20,-204,"
"316","-20,213,"
"317","-213,-10,"
"318","-213,-129,"
"319","-213,173,"
"320","-213,20,"
"321","-213,-204,"
"322","-213,213,"
"323","-213,54,"
"324","-213,-62,"
"325","-213,8,"
"326","40,40,"
"327","-54,173,"
"328","-54,-204,"
"329","-54,213,"
"330","62,173,"
"331","62,-204,"
"332","62,213,"
"333","-95,-40,"
"334","-95,40,"
"335","95,40,"
"336","-95,95,"
"337","95,-95,"
"338","99,-10,"
"339","99,-129,"
"340","99,173,"
"341","99,20,"
"342","99,-204,"
"343","99,213,"
"344","99,54,"
"345","99,-62,"
"346","99,8,"
"347","-141,141,"
"348","-141,-166,"
"349","147,-68,"
"350","147,70,"
"351","166,141,"
"352","166,-166,"
"353","-187,-68,"
"354","-187,70,"
"355","-257,257,"
"356","-257,-574,"
"357","574,257,"
"358","574,-574,"
"359","143,"
"360","274,-104,"
"361","274,114,"
"362","129,-222,"
"363","129,329,"
"364","-20,-222,"
"365","-20,329,"
"366","-54,-222,"
"367","-54,329,"
"368","99,-222,"
"369","99,329,"
"370","156,228,"
"371","-316,-284,"
"372","-115,115,"
"373","-115,-350,"
"374","-115,-43,"
"375","-115,-63,"
"376","43,115,"
"377","43,-350,"
"378","43,-43,"
"379","43,-63,"
"380","-287,287,"
"381","-287,-323,"
"382","-287,-479,"
"383","323,287,"
"384","323,-323,"
"385","323,-479,"
"386","-41,41,"
"387","72,41,"
"388","-157,-64,"
"389","-157,-68,"
"390","-157,70,"
"391","68,-64,"
"392","68,-68,"
"393","68,70,"
"394","-115,-120,"
"395","-157,157,"
"396","350,-120,"
"397","-495,-31,"
"398","68,157,"
"399","-173,8,"
"400","204,8,"
"401","-173,-10,"
"402","204,-10,"
"403","-228,-10,"
"404","-228,54,"
"405","-228,-62,"
"406","-228,8,"
"407","108,-108,"
"408","129,-299,"
"409","226,277,"
"410","226,-299,"
"411","-2,277,"
"412","-2,-299,"
"413","276,-129,"
"414","276,20,"
"415","276,277,"
"416","276,-299,"
"417","276,54,"
"418","276,-62,"
"419","-277,-129,"
"420","-277,20,"
"421","40,-4,"
"422","40,4,"
"423","-471,-129,"
"424","-471,20,"
"425","-471,277,"
"426","-471,-299,"
"427","-471,54,"
"428","-471,-62,"
"429","-95,-4,"
"430","-95,4,"
"431","-4,-76,"
"432","-4,76,"
"433","4,-76,"
"434","4,76,"
"435","-87,-64,"
"436","567,-120,"
"437","-892,892,"
"438","-892,-923,"
"439","923,892,"
"440","923,-923,"
"441","-185,-149,"
"442","-185,280,"
"443","-185,8,"
"444","55,-149,"
"445","55,280,"
"446","-170,158,"
"447","-185,-10,"
"448","-185,-168,"
"449","55,-10,"
"450","55,158,"
"451","55,-168,"
"452","65,158,"
"453","-170,-10,"
"454","-170,-168,"
"455","-185,158,"
"456","55,8,"
"457","65,-10,"
"458","65,-168,"
"459","-170,8,"
"460","-170,-99,"
"461","-185,-99,"
"462","55,-99,"
"463","65,8,"
"464","65,-99,"
"465","40,-40,"
"466","40,95,"
"467","450,661,"
"468","-661,661,"
"469","-76,76,"
"470","-76,-76,"
"471","76,76,"
"472","76,-76,"
"473","-233,-4,"
"474","-233,4,"
"475","233,-4,"
"476","233,4,"
"477","-233,-76,"
"478","-233,76,"
"479","233,-76,"
"480","233,76,"
"481","359,-76,"
"482","-359,-76,"
"483","-359,76,"
"484","359,76,"
"485","-94,-76,"
"486","94,-76,"
"487","-143,-76,"
"488","143,-76,"
"489","-233,"
"490","-233,233,"
"491","233,233,"
"492","-237,237,"
"493","-242,-76,"
"494","242,-76,"
"495","247,237,"
"496","4,233,"
"497","-445,-76,"
"498","-445,76,"
"499","-76,"
"500","-76,-445,"
"501","-76,445,"
"502","-94,76,"
"503","94,76,"
"504","120,115,"
"505","-158,-10,"
"506","-158,8,"
"507","-325,-10,"
"508","-325,325,"
"509","-325,-569,"
"510","-325,8,"
"511","-163,302,"
"512","-163,-323,"
"513","-163,-479,"
"514","-287,302,"
"515","-302,163,"
"516","-302,287,"
"517","-302,302,"
"518","-302,-323,"
"519","-302,-434,"
"520","-302,-479,"
"521","323,302,"
"522","350,-85,"
"523","-157,-270,"
"524","-157,87,"
"525","-316,316,"
"526","-397,"
"527","397,"
"528","-397,-397,"
"529","-397,397,"
"530","397,-397,"
"531","397,397,"
"532","-397,-4,"
"533","-397,4,"
"534","397,-4,"
"535","397,4,"
"536","-4,-397,"
"537","-4,397,"
"538","4,-397,"
"539","4,397,"
"540","64,87,"
"541","68,-270,"
"542","68,87,"
"543","129,-392,"
"544","-54,-392,"
"545","62,-392,"
"546","129,265,"
"547","-20,-392,"
"548","374,265,"
"549","374,-392,"
"550","-421,-129,"
"551","-421,20,"
"552","-421,-392,"
"553","-421,-62,"
"554","519,-129,"
"555","519,20,"
"556","519,-392,"
"557","519,-62,"
"558","-54,265,"
"559","-565,265,"
"560","-565,-392,"
"561","62,265,"
"562","-20,265,"
"563","374,-129,"
"564","374,20,"
"565","374,54,"
"566","374,-62,"
"567","-421,265,"
"568","-421,54,"
"569","519,265,"
"570","519,54,"
"571","-565,-129,"
"572","-565,20,"
"573","-565,54,"
"574","-565,-62,"
"575","120,-43,"
"576","400,157,"
"577","400,-68,"
"578","-170,280,"
"579","65,280,"
"580","-170,-149,"
"581","-54,280,"
"582","62,280,"
"583","65,-149,"
"584","278,-4,"
"585","-54,-149,"
"586","62,-149,"
"587","129,158,"
"588","129,-168,"
"589","-158,-129,"
"590","-173,-129,"
"591","204,-129,"
"592","99,158,"
"593","99,-168,"
"594","62,-374,"
"595","62,565,"
"596","149,-10,"
"597","149,-62,"
"598","168,-10,"
"599","-280,-10,"
"600","-280,-62,"
"601","-4,-242,"
"602","-4,242,"
"603","4,-242,"
"604","4,242,"
"605","479,302,"
"606","479,-479,"
"607","76,"
"608","-158,20,"
"609","-280,20,"
"610","-280,54,"
"611","-280,8,"
"612","-4,-143,"
"613","-4,143,"
"614","4,-143,"
"615","4,143,"
"616","-330,-299,"
"617","356,-299,"
"618","-4,-424,"
"619","4,-424,"
"620","276,2,"
"621","-277,2,"
"622","-330,2,"
"623","-471,2,"
"624","10,158,"
"625","222,158,"
"626","226,330,"
"627","-2,330,"
"628","-329,158,"
"629","-471,330,"
"630","-8,158,"
"631","-170,20,"
"632","-283,-79,"
"633","295,-295,"
"634","65,20,"
"635","79,-79,"
"636","149,8,"
"637","-197,-4,"
"638","-197,4,"
"639","197,-4,"
"640","197,4,"
"641","-163,-31,"
"642","-163,33,"
"643","-163,408,"
"644","-163,-883,"
"645","31,408,"
"646","31,-883,"
"647","-33,408,"
"648","-33,-883,"
"649","154,-154,"
"650","10,185,"
"651","10,-55,"
"652","129,185,"
"653","-8,185,"
"654","129,-55,"
"655","-158,185,"
"656","168,185,"
"657","-20,185,"
"658","-8,-55,"
"659","10,-65,"
"660","129,-65,"
"661","-158,-55,"
"662","-158,-65,"
"663","168,-129,"
"664","168,20,"
"665","168,-55,"
"666","168,-65,"
"667","-20,-55,"
"668","-20,-65,"
"669","85,-30,"
"670","-8,-65,"
"671","149,-149,"
"672","-20,158,"
"673","-20,-168,"
"674","-213,158,"
"675","-213,-168,"
"676","-280,-149,"
"677","129,-149,"
"678","129,280,"
"679","149,158,"
"680","149,-168,"
"681","149,280,"
"682","149,54,"
"683","-173,-149,"
"684","-173,280,"
"685","193,89,"
"686","-20,-149,"
"687","-20,280,"
"688","204,-149,"
"689","204,280,"
"690","-213,-149,"
"691","-213,280,"
"692","-280,158,"
"693","-280,-168,"
"694","-280,280,"
"695","-89,89,"
"696","99,-149,"
"697","99,280,"
"698","276,-226,"
"699","276,330,"
"700","276,-356,"
"701","-277,-226,"
"702","299,2,"
"703","299,-226,"
"704","-471,-226,"
"705","-471,-356,"
"706","-158,170,"
"707","168,170,"
"708","400,-400,"
"709","400,437,"
"710","-437,-400,"
"711","-437,437,"
"712","-87,-400,"
"713","-87,437,"
"714","120,237,"
"715","120,-247,"
"716","-302,650,"
"717","-302,-658,"
"718","323,650,"
"719","323,-658,"
"720","479,650,"
"721","479,-658,"
"722","-382,20,"
"723","429,20,"
"724","168,8,"
"725","-173,20,"
"726","-185,173,"
"727","-185,-204,"
"728","55,173,"
"729","55,-204,"
"730","-143,-4,"
"731","-143,4,"
"732","143,-4,"
"733","143,4,"
"734","-143,76,"
"735","143,76,"
"736","323,-288,"
"737","323,495,"
"738","-94,-4,"
"739","-94,4,"
"740","64,-270,"
"741","31,-716,"
"742","31,942,"
"743","-33,-716,"
"744","-33,942,"
"745","349,141,"
"746","349,-166,"
"747","-157,187,"
"748","-157,-147,"
"749","64,-147,"
"750","64,187,"
"751","68,-147,"
"752","68,187,"
"753","-70,187,"
"754","-163,163,"
"755","-163,-434,"
"756","31,163,"
"757","31,-434,"
"758","-33,163,"
"759","-33,-434,"
"760","-4,-224,"
"761","-4,224,"
"762","400,-64,"
"763","400,70,"
"764","400,87,"
"765","-277,-276,"
"766","-277,471,"
"767","299,471,"
"768","-54,-276,"
"769","-54,471,"
"770","62,471,"
"771","-163,287,"
"772","204,20,"
"773","434,287,"
"774","434,302,"
"775","434,-323,"
"776","-495,287,"
"777","-495,302,"
"778","-495,-323,"
"779","85,-350,"
"780","-361,"
"781","361,"
"782","-361,-143,"
"783","-361,143,"
"784","361,-143,"
"785","361,143,"
"786","-361,-359,"
"787","-361,359,"
"788","361,-359,"
"789","361,359,"
"790","-170,173,"
"791","-170,-204,"
"792","79,290,"
"793","79,-391,"
"794","-437,-64,"
"795","-437,-68,"
"796","-437,70,"
"797","-437,87,"
"798","10,-168,"
"799","10,213,"
"800","10,-99,"
"801","-8,-168,"
"802","-8,213,"
"803","-8,-99,"
"804","-208,208,"
"805","-208,54,"
"806","34,208,"
"807","34,54,"
"808","587,-31,"
"809","62,208,"
"810","392,421,"
"811","392,-519,"
"812","-54,421,"
"813","-54,-519,"
"814","62,421,"
"815","62,-519,"
"816","11,27,"
"817","11,80,"
"818","43,-120,"
"819","-158,-149,"
"820","-158,213,"
"821","-158,280,"
"822","168,-149,"
"823","168,213,"
"824","168,280,"
"825","10,173,"
"826","10,-204,"
"827","-8,173,"
"828","-8,-204,"
"829","479,287,"
"830","479,-323,"
"831","656,-201,"
"832","-287,-716,"
"833","-287,942,"
"834","-302,-716,"
"835","-302,942,"
"836","323,-716,"
"837","323,942,"
"838","270,-400,"
"839","270,437,"
"840","-4,-445,"
"841","-4,445,"
"842","-445,4,"
"843","445,4,"
"844","-280,185,"
"845","120,-465,"
"846","149,185,"
"847","274,-145,"
"848","274,75,"
"849","-280,170,"
"850","-280,-65,"
"851","-403,-145,"
"852","-403,75,"
"853","149,213,"
"854","149,-99,"
"855","-280,213,"
"856","-280,-99,"
"857","129,471,"
"858","-20,471,"
"859","226,-276,"
"860","226,-356,"
"861","226,471,"
"862","31,287,"
"863","31,-323,"
"864","-33,287,"
"865","-33,-323,"
"866","-408,163,"
"867","-408,287,"
"868","-408,-31,"
"869","-408,-323,"
"870","-408,-434,"
"871","-408,-883,"
"872","434,163,"
"873","434,-31,"
"874","434,-434,"
"875","434,-883,"
"876","883,163,"
"877","883,287,"
"878","883,-31,"
"879","883,-323,"
"880","883,-434,"
"881","883,-883,"
"882","-135,-129,"
"883","-135,20,"
"884","-135,54,"
"885","-135,-62,"
"886","254,-129,"
"887","254,20,"
"888","254,54,"
"889","254,-62,"
"890","-54,135,"
"891","-54,-254,"
"892","62,135,"
"893","62,-254,"
"894","233,"
"895","-561,561,"
"896","-561,-587,"
"897","587,561,"
"898","587,-587,"
"899","-2,-356,"
"900","-12,27,"
"901","-12,80,"
"902","276,-276,"
"903","-471,-276,"
"904","569,-10,"
"905","-143,-242,"
"906","-143,242,"
"907","143,-242,"
"908","143,242,"
"909","-242,-4,"
"910","-242,4,"
"911","242,-4,"
"912","242,4,"
"913","-235,-154,"
"914","559,-154,"
"915","156,-10,"
"916","156,8,"
"917","-2,-10,"
"918","-2,8,"
"919","-4,-197,"
"920","-4,197,"
"921","4,-197,"
"922","4,197,"
"923","-197,197,"
"924","197,197,"
"925","-197,-197,"
"926","197,-197,"
"927","11,12,"
"928","11,-165,"
"929","11,-38,"
"930","165,12,"
"931","-197,"
"932","197,"
"933","38,12,"
"934","-4,54,"
"935","4,54,"
"936","-4,-62,"
"937","4,-62,"
"938","62,-4,"
"939","62,4,"
"940","-80,12,"
"941","-765,-120,"
"942","-1231,158,"
"943","635,158,"
"944","-325,-129,"
"945","-325,158,"
"946","-325,-168,"
"947","-325,20,"
"948","-325,54,"
"949","-325,-62,"
"950","569,-129,"
"951","569,158,"
"952","569,-168,"
"953","569,20,"
"954","569,54,"
"955","569,-62,"
"956","85,-43,"
"957","10,419,"
"958","129,419,"
"959","-20,419,"
"960","-54,419,"
"961","62,419,"
"962","155,115,"
"963","155,-43,"
"964","155,-63,"
"965","318,-85,"
"966","-4,293,"
"967","4,293,"
"968","-41,-72,"
"969","72,-72,"
"970","284,316,"
"971","156,-129,"
"972","156,-156,"
"973","156,20,"
"974","156,54,"
"975","156,-62,"
"976","-228,-129,"
"977","-228,-156,"
"978","-228,20,"
"979","-228,228,"
"980","-54,-156,"
"981","-54,228,"
"982","62,-156,"
"983","62,228,"
"984","479,163,"
"985","479,-434,"
"986","222,329,"
"987","-213,329,"
"988","-213,-99,"
"989","222,213,"
"990","222,54,"
"991","222,-62,"
"992","222,-99,"
"993","-329,213,"
"994","-329,329,"
"995","-329,54,"
"996","-329,-62,"
"997","-329,-99,"
"998","62,329,"
"999","521,419,"
"1000","521,-521,"
"1001","521,-62,"
"1002","-54,-521,"
"1003","62,-521,"
"1004","129,-99,"
"1005","-20,-99,"
"1006","-157,-400,"
"1007","-4,-40,"
"1008","4,-40,"
"1009","-4,95,"
"1010","4,95,"
"1011","64,-400,"
"1012","68,-400,"
"1013","-70,-400,"
"1014","-330,-226,"
"1015","356,2,"
"1016","356,-226,"
"1017","-1014,1014,"
"1018","-1014,-1088,"
"1019","1088,1014,"
"1020","1088,-1088,"
"1021","204,213,"
"1022","284,-284,"
"1023","284,305,"
"1024","-305,-284,"
"1025","-305,305,"
"1026","-305,316,"
"1027","-316,305,"
"1028","641,-284,"
"1029","641,305,"
"1030","641,316,"
"1031","99,-99,"
"1032","656,-656,"
"1033","455,-455,"
"1034","455,-470,"
"1035","455,664,"
"1036","455,736,"
"1037","470,-455,"
"1038","470,-470,"
"1039","470,664,"
"1040","470,736,"
"1041","-736,-455,"
"1042","-736,-470,"
"1043","-736,664,"
"1044","-736,736,"
"1045","-173,213,"
"1046","-173,-99,"
"1047","-4,-233,"
"1048","-4,233,"
"1049","4,-233,"
"1050","-213,170,"
"1051","-213,-65,"
"1052","99,170,"
"1053","99,-65,"
"1054","129,170,"
"1055","-213,-55,"
"1056","99,-55,"
"1057","-20,170,"
"1058","-213,185,"
"1059","99,185,"
"1060","222,-10,"
"1061","-287,-31,"
"1062","-287,33,"
"1063","323,-31,"
"1064","323,33,"
"1065","-329,-10,"
"1066","434,33,"
"1067","883,33,"
"1068","-12,-11,"
"1069","-12,-165,"
"1070","-12,-38,"
"1071","165,-11,"
"1072","-27,-11,"
"1073","38,-11,"
"1074","-54,-4,"
"1075","-54,4,"
"1076","-80,-11,"
"1077","-237,-85,"
"1078","247,-85,"
"1079","-157,39,"
"1080","64,39,"
"1081","68,39,"
"1082","-70,39,"
"1083","-290,-201,"
"1084","391,-201,"
"1085","-141,278,"
"1086","-141,-349,"
"1087","166,278,"
"1088","166,-349,"
"1089","10,-149,"
"1090","10,280,"
"1091","-8,-149,"
"1092","-8,280,"
"1093","-187,187,"
"1094","147,-147,"
"1095","147,187,"
"1096","-187,-147,"
"1097","-402,163,"
"1098","-402,287,"
"1099","-402,302,"
"1100","-402,-323,"
"1101","-402,-434,"
"1102","-402,-479,"
"1103","621,163,"
"1104","621,287,"
"1105","621,302,"
"1106","621,-323,"
"1107","621,-434,"
"1108","621,-479,"
"1109","-382,-276,"
"1110","-382,277,"
"1111","-382,-299,"
"1112","-382,330,"
"1113","-382,-356,"
"1114","-382,471,"
"1115","429,-276,"
"1116","429,277,"
"1117","429,-299,"
"1118","429,330,"
"1119","429,-356,"
"1120","429,471,"
"1121","-330,471,"
"1122","356,471,"
"1123","-4,424,"
"1124","-163,402,"
"1125","-163,-621,"
"1126","-287,402,"
"1127","-287,-621,"
"1128","-302,402,"
"1129","-302,-621,"
"1130","323,402,"
"1131","323,-621,"
"1132","434,402,"
"1133","434,-479,"
"1134","434,-621,"
"1135","479,402,"
"1136","479,-621,"
"1137","147,157,"
"1138","-187,157,"
"1139","147,-270,"
"1140","147,87,"
"1141","-187,-270,"
"1142","-187,87,"
"1143","-115,-85,"
"1144","43,-85,"
"1145","168,-204,"
"1146","4,-445,"
"1147","4,445,"
"1148","120,-350,"
"1149","350,-350,"
"1150","350,-43,"
"1151","10,-717,"
"1152","-20,-717,"
"1153","-54,-717,"
"1154","62,-717,"
"1155","-8,-717,"
"1156","-437,157,"
"1157","10,-156,"
"1158","10,228,"
"1159","-8,-156,"
"1160","-8,228,"
"1161","387,-387,"
"1162","387,624,"
"1163","-464,464,"
"1164","-464,-508,"
"1165","508,464,"
"1166","508,-508,"
"1167","-624,-387,"
"1168","-624,624,"
"1169","154,-559,"
"1170","63,115,"
"1171","63,-43,"
"1172","63,-63,"
"1173","-359,4,"
"1174","359,4,"
"1175","-157,437,"
"1176","68,437,"
"1177","658,-31,"
"1178","658,33,"
"1179","-811,-31,"
"1180","-811,33,"
"1181","51,80,"
"1182","-73,80,"
"1183","-224,-224,"
"1184","224,-224,"
"1185","224,224,"
"1186","-224,224,"
"1187","-224,"
"1188","226,382,"
"1189","226,-429,"
"1190","-2,382,"
"1191","-2,-429,"
"1192","-330,382,"
"1193","-330,-429,"
"1194","356,382,"
"1195","356,-429,"
"1196","-143,"
"1197","85,237,"
"1198","94,"
"1199","-224,-4,"
"1200","-224,4,"
"1201","224,-4,"
"1202","224,4,"
"1203","-242,"
"1204","242,"
"1205","222,-129,"
"1206","222,20,"
"1207","-329,-129,"
"1208","-329,20,"
"1209","-265,265,"
"1210","-265,-392,"
"1211","392,265,"
"1212","392,-392,"
"1213","149,-55,"
"1214","-280,-55,"
"1215","10,170,"
"1216","-8,170,"
"1217","-213,-222,"
"1218","-76,143,"
"1219","76,143,"
"1220","-158,173,"
"1221","168,173,"
"1222","-173,173,"
"1223","-277,173,"
"1224","-170,-129,"
"1225","260,-260,"
"1226","260,-263,"
"1227","260,-301,"
"1228","260,-309,"
"1229","260,-484,"
"1230","260,-500,"
"1231","260,-520,"
"1232","520,-260,"
"1233","520,-263,"
"1234","520,-301,"
"1235","520,-309,"
"1236","520,-484,"
"1237","520,-500,"
"1238","520,-520,"
"1239","65,-129,"
"1240","149,20,"
"1241","201,-727,"
"1242","-1011,1011,"
"1243","1027,1011,"
"1244","-445,"
"1245","-4,-359,"
"1246","-4,359,"
"1247","-20,928,"
"1248","226,928,"
"1249","-2,928,"
"1250","62,928,"
"1251","-40,40,"
"1252","-40,-95,"
"1253","64,437,"
"1254","-70,437,"
"1255","222,-222,"
"1256","276,471,"
"1257","-329,-222,"
"1258","-471,471,"
"1259","-283,290,"
"1260","-283,-391,"
"1261","156,213,"
"1262","156,-99,"
"1263","450,-450,"
"1264","-661,-450,"
"1265","445,-76,"
"1266","4,-359,"
"1267","4,359,"
"1268","156,-149,"
"1269","156,158,"
"1270","156,-168,"
"1271","156,280,"
"1272","-771,-10,"
"1273","-771,-129,"
"1274","-771,20,"
"1275","-771,54,"
"1276","-771,-62,"
"1277","-771,8,"
"1278","120,-195,"
"1279","120,934,"
"1280","-33,650,"
"1281","-33,-658,"
"1282","-115,237,"
"1283","-115,-247,"
"1284","43,237,"
"1285","43,-247,"
"1286","-141,162,"
"1287","-141,-590,"
"1288","65,173,"
"1289","65,-204,"
"1290","1088,-44,"
"1291","1088,92,"
"1292","4,62,"
"1293","-12,12,"
"1294","-197,62,"
"1295","197,62,"
"1296","-27,12,"
"1297","4,-54,"
"1298","-54,"
"1299","62,"
"1300","-70,-147,"
"1301","-1105,-10,"
"1302","-1105,-129,"
"1303","-1105,-62,"
"1304","1266,-10,"
"1305","1266,-129,"
"1306","1266,-62,"
"1307","-361,4,"
"1308","361,4,"
"1309","288,-31,"
"1310","-237,-247,"
"1311","247,-247,"
"1312","252,-143,"
"1313","252,143,"
"1314","-558,-143,"
"1315","-558,143,"
"1316","-565,135,"
"1317","-565,-254,"
"1318","270,-147,"
"1319","270,187,"
"1320","-87,-147,"
"1321","-87,187,"
"1322","149,-129,"
"1323","149,-222,"
"1324","149,329,"
"1325","-280,-129,"
"1326","-280,-222,"
"1327","-280,329,"
"1328","62,-222,"
"1329","717,158,"
"1330","717,173,"
"1331","717,213,"
"1332","717,-269,"
"1333","717,428,"
"1334","717,54,"
"1335","717,-62,"
"1336","-771,158,"
"1337","-771,173,"
"1338","-771,213,"
"1339","-771,-99,"
"1340","717,-168,"
"1341","717,-204,"
"1342","717,-99,"
"1343","-771,-269,"
"1344","-771,428,"
"1345","717,-129,"
"1346","717,20,"
"1347","129,-269,"
"1348","129,428,"
"1349","-20,-269,"
"1350","-20,428,"
"1351","62,-269,"
"1352","62,428,"
"1353","-771,-168,"
"1354","-771,-204,"
"1355","10,771,"
"1356","129,771,"
"1357","-20,771,"
"1358","-54,771,"
"1359","62,771,"
"1360","-8,771,"
"1361","120,-63,"
"1362","-439,439,"
"1363","-439,-546,"
"1364","546,439,"
"1365","546,-546,"
"1366","374,565,"
"1367","-565,565,"
"1368","567,115,"
"1369","479,-716,"
"1370","479,942,"
"1371","31,-587,"
"1372","-33,-587,"
"1373","-482,-272,"
"1374","-482,422,"
"1375","-482,482,"
"1376","-482,-69,"
"1377","288,163,"
"1378","-237,-120,"
"1379","247,-120,"
"1380","85,-120,"
"1381","162,-278,"
"1382","-170,210,"
"1383","278,-278,"
"1384","-349,-278,"
"1385","-590,-278,"
"1386","65,210,"
"1387","4,-361,"
"1388","4,361,"
"1389","716,-31,"
"1390","716,33,"
"1391","-2,471,"
"1392","-40,-4,"
"1393","95,-4,"
"1394","30,-85,"
"1395","-482,-4,"
"1396","-482,4,"
"1397","120,-85,"
"1398","4,162,"
"1399","4,278,"
"1400","4,-349,"
"1401","4,-590,"
"1402","-8,419,"
"1403","-287,-288,"
"1404","-287,495,"
"1405","-302,-288,"
"1406","-302,495,"
"1407","479,-288,"
"1408","479,495,"
"1409","4,94,"
"1410","-158,-204,"
"1411","129,135,"
"1412","129,-254,"
"1413","-135,135,"
"1414","-135,-254,"
"1415","-20,135,"
"1416","-20,-254,"
"1417","254,135,"
"1418","254,-254,"
"1419","-115,-465,"
"1420","43,-465,"
"1421","288,287,"
"1422","288,-323,"
"1423","76,-143,"
"1424","284,-641,"
"1425","-305,-641,"
"1426","641,-641,"
"1427","272,-272,"
"1428","272,482,"
"1429","-75,-104,"
"1430","-75,114,"
"1431","274,-288,"
"1432","274,495,"
"1433","-403,-288,"
"1434","-403,495,"
"1435","120,765,"
"1436","-542,-85,"
"1437","849,-85,"
"1438","-419,419,"
"1439","-419,-521,"
"1440","-419,-62,"
"1441","785,"
"1442","-792,"
"1443","-419,-10,"
"1444","-419,-129,"
"1445","-419,20,"
"1446","-419,54,"
"1447","-419,8,"
"1448","-76,233,"
"1449","76,233,"
"1450","10,2,"
"1451","-233,-233,"
"1452","233,-233,"
"1453","-76,-233,"
"1454","76,-233,"
"1455","10,325,"
"1456","569,325,"
"1457","569,8,"
"1458","-8,325,"
"1459","-316,-40,"
"1460","-316,95,"
"1461","648,751,"
"1462","-751,751,"
"1463","288,-288,"
"1464","288,495,"
"1465","149,-204,"
"1466","-280,-204,"
"1467","445,"
"1468","716,302,"
"1469","-942,302,"
"1470","-242,-242,"
"1471","-242,242,"
"1472","242,-242,"
"1473","242,242,"
"1474","-94,-242,"
"1475","-94,242,"
"1476","94,-242,"
"1477","94,242,"
"1478","-173,329,"
"1479","204,-222,"
"1480","204,329,"
"1481","-280,173,"
"1482","10,329,"
"1483","149,173,"
"1484","-173,-204,"
"1485","-173,-222,"
"1486","204,-204,"
"1487","222,-204,"
"1488","-329,-204,"
"1489","-8,329,"
"1490","-359,-4,"
"1491","359,-4,"
"1492","-242,-233,"
"1493","-242,233,"
"1494","-242,76,"
"1495","-495,495,"
"1496","-694,694,"
"1497","-694,-740,"
"1498","-76,252,"
"1499","76,252,"
"1500","-76,-558,"
"1501","76,-558,"
"1502","-213,-156,"
"1503","-213,228,"
"1504","99,-156,"
"1505","99,228,"
"1506","-173,-156,"
"1507","-173,228,"
"1508","204,-156,"
"1509","204,228,"
"1510","-228,213,"
"1511","-228,-99,"
"1512","-40,"
"1513","95,"
"1514","-361,-4,"
"1515","361,-4,"
"1516","-252,-76,"
"1517","-252,76,"
"1518","558,-76,"
"1519","558,76,"
"1520","-459,-85,"
"1521","548,-85,"
"1522","-596,-85,"
"1523","808,-85,"
"1524","162,"
"1525","278,"
"1526","278,4,"
"1527","-349,"
"1528","-4,162,"
"1529","-482,162,"
"1530","-278,141,"
"1531","-278,-166,"
"1532","-158,-222,"
"1533","168,-222,"
"1534","961,-108,"
"1535","374,135,"
"1536","374,-254,"
"1537","242,76,"
"1538","-277,382,"
"1539","-277,-429,"
"1540","299,382,"
"1541","299,-429,"
"1542","156,173,"
"1543","156,-204,"
"1544","-277,399,"
"1545","-277,-341,"
"1546","299,-341,"
"1547","299,399,"
"1548","500,-260,"
"1549","500,-520,"
"1550","-1011,-1027,"
"1551","222,173,"
"1552","-329,173,"
"1553","-4,610,"
"1554","4,610,"
"1555","193,-193,"
"1556","350,-63,"
"1557","-4,-94,"
"1558","4,-94,"
"1559","-495,-288,"
"1560","-76,-143,"
"1561","-76,-242,"
"1562","-76,242,"
"1563","-928,-129,"
"1564","-928,2,"
"1565","-928,20,"
"1566","-928,-226,"
"1567","-928,54,"
"1568","-928,-62,"
"1569","569,-569,"
"1570","-8,-569,"
"1571","10,-569,"
"1572","-397,-76,"
"1573","-397,76,"
"1574","-228,158,"
"1575","120,-567,"
"1576","149,170,"
"1577","149,-65,"
"1578","-4,-278,"
"1579","-4,349,"
"1580","-4,-1003,"
"1581","4,-1003,"
"1582","-4,-162,"
"1583","4,-162,"
"1584","4,-278,"
"1585","4,349,"
"1586","-445,-278,"
"1587","445,-278,"
"1588","-445,349,"
"1589","445,349,"
"1590","-4,590,"
"1591","4,590,"
"1592","-4,841,"
"1593","4,841,"
"1594","-242,-143,"
"1595","-242,143,"
"1596","242,-143,"
"1597","242,143,"
"1598","-8,-269,"
"1599","-8,428,"
"1600","567,-567,"
"1601","63,-120,"
"1602","288,302,"
"1603","288,402,"
"1604","288,-434,"
"1605","288,-479,"
"1606","-495,163,"
"1607","-495,402,"
"1608","-495,-434,"
"1609","-495,-479,"
"1610","-40,-76,"
"1611","-40,76,"
"1612","95,-76,"
"1613","95,76,"
"1614","-928,277,"
"1615","-928,-299,"
"1616","-928,330,"
"1617","-928,-356,"
"1618","85,115,"
"1619","-185,213,"
"1620","318,-472,"
"1621","318,623,"
"1622","55,213,"
"1623","-228,-149,"
"1624","-228,-168,"
"1625","-228,280,"
"1626","204,170,"
"1627","204,185,"
"1628","204,-55,"
"1629","204,-65,"
"1630","-329,-168,"
"1631","162,-4,"
"1632","162,4,"
"1633","-590,-4,"
"1634","-590,4,"
"1635","445,76,"
"1636","226,-10,"
"1637","-8,2,"
"1638","-8,-226,"
"1639","-173,170,"
"1640","-173,185,"
"1641","-173,-65,"
"1642","-590,"
"1643","85,542,"
"1644","85,-849,"
"1645","-135,-269,"
"1646","254,-269,"
"1647","-135,428,"
"1648","254,428,"
"1649","-54,-269,"
"1650","567,-350,"
"1651","-173,-55,"
"1652","-349,4,"
"1653","1003,-4,"
"1654","1003,4,"
"1655","278,-445,"
"1656","278,445,"
"1657","-349,-4,"
"1658","-349,-445,"
"1659","-349,445,"
"1660","-841,-4,"
"1661","-841,4,"
"1662","399,-4,"
"1663","399,4,"
"1664","-129,-4,"
"1665","-129,4,"
"1666","20,-4,"
"1667","20,4,"
"1668","-341,"
"1669","-341,-4,"
"1670","-341,4,"
"1671","399,"
"1672","423,-318,"
"1673","423,-858,"
"1674","51,-165,"
"1675","-73,-165,"
"1676","90,-462,"
"1677","-1014,-44,"
"1678","-1014,92,"
"1679","462,-201,"
"1680","201,-462,"
"1681","-650,-621,"
"1682","658,-621,"
"1683","-115,-155,"
"1684","120,-155,"
"1685","350,-155,"
"1686","43,-155,"
"1687","147,-64,"
"1688","-187,-64,"
"1689","85,-318,"
"1690","465,-120,"
"1691","-115,-567,"
"1692","43,-567,"
"1693","10,210,"
"1694","-8,210,"
"1695","128,-223,"
"1696","683,-120,"
"1697","-650,302,"
"1698","-650,-479,"
"1699","658,302,"
"1700","658,-479,"
"1701","567,-43,"
"1702","-170,-521,"
"1703","-185,419,"
"1704","-185,-521,"
"1705","-170,419,"
"1706","55,419,"
"1707","55,-521,"
"1708","65,-521,"
"1709","65,419,"
"1710","-143,-143,"
"1711","-143,-359,"
"1712","-143,359,"
"1713","143,-359,"
"1714","143,359,"
"1715","350,237,"
"1716","350,-247,"
"1717","400,-270,"
"1718","129,-341,"
"1719","-20,-341,"
"1720","-330,-341,"
"1721","356,-341,"
"1722","-54,-341,"
"1723","62,-341,"
"1724","129,399,"
"1725","-20,399,"
"1726","-330,399,"
"1727","356,399,"
"1728","-54,399,"
"1729","62,399,"
"1730","85,-858,"
"1731","-4,-361,"
"1732","-4,361,"
"1733","-237,-350,"
"1734","247,-350,"
"1735","108,-260,"
"1736","108,-263,"
"1737","108,-301,"
"1738","108,-520,"
"1739","85,-188,"
"1740","31,-288,"
"1741","-33,-288,"
"1742","-650,287,"
"1743","-650,-323,"
"1744","658,287,"
"1745","658,-323,"
"1746","10,-392,"
"1747","-287,650,"
"1748","-287,-658,"
"1749","-158,419,"
"1750","129,-521,"
"1751","-158,-521,"
"1752","168,419,"
"1753","-173,419,"
"1754","-173,-521,"
"1755","204,419,"
"1756","204,-521,"
"1757","-20,-521,"
"1758","-8,-521,"
"1759","486,-486,"
"1760","486,693,"
"1761","-693,-486,"
"1762","-693,693,"
"1763","350,115,"
"1764","295,-120,"
"1765","-163,-288,"
"1766","-163,495,"
"1767","434,-288,"
"1768","434,495,"
"1769","-162,-349,"
"1770","-162,-590,"
"1771","222,-149,"
"1772","222,-168,"
"1773","222,280,"
"1774","269,-149,"
"1775","269,158,"
"1776","269,-168,"
"1777","269,280,"
"1778","-278,-349,"
"1779","-278,-590,"
"1780","-329,-149,"
"1781","-329,280,"
"1782","349,-349,"
"1783","349,-590,"
"1784","-428,-149,"
"1785","-428,280,"
"1786","-457,-4,"
"1787","-457,4,"
"1788","457,-4,"
"1789","457,4,"
"1790","590,-349,"
"1791","590,-590,"
"1792","-277,-204,"
"1793","299,-204,"
"1794","201,290,"
"1795","201,-391,"
"1796","-278,-85,"
"1797","349,-85,"
"1798","393,-85,"
"1799","-851,-85,"
"1800","656,-727,"
"1801","108,-961,"
"1802","188,-85,"
"1803","44,-1088,"
"1804","-92,-1088,"
"1805","-290,290,"
"1806","391,290,"
"1807","95,4,"
"1808","-141,-4,"
"1809","-141,4,"
"1810","222,8,"
"1811","-329,8,"
"1812","590,141,"
"1813","590,-166,"
"1814","610,-4,"
"1815","610,4,"
"1816","168,-156,"
"1817","168,228,"
"1818","-2,-204,"
"1819","226,-204,"
"1820","-76,-367,"
"1821","-76,425,"
"1822","648,-648,"
"1823","-751,-648,"
"1824","63,765,"
"1825","-40,-40,"
"1826","-40,95,"
"1827","-408,302,"
"1828","-408,-479,"
"1829","883,302,"
"1830","883,-479,"
"1831","423,-85,"
"1832","90,-201,"
"1833","-143,-233,"
"1834","-143,233,"
"1835","143,-233,"
"1836","143,233,"
"1837","-361,-76,"
"1838","-361,76,"
"1839","-278,41,"
"1840","-278,-72,"
"1841","349,41,"
"1842","349,-72,"
"1843","-359,233,"
"1844","359,233,"
"1845","-445,233,"
"1846","-94,233,"
"1847","94,233,"
"1848","94,-4,"
"1849","94,4,"
"1850","-233,143,"
"1851","-185,421,"
"1852","-185,-519,"
"1853","55,421,"
"1854","55,-519,"
"1855","-170,421,"
"1856","-170,-519,"
"1857","65,421,"
"1858","65,-519,"
"1859","288,33,"
"1860","167,-167,"
"1861","167,315,"
"1862","-315,-167,"
"1863","-315,315,"
"1864","-163,650,"
"1865","-163,-658,"
"1866","434,650,"
"1867","434,-658,"
"1868","350,-30,"
"1869","260,-108,"
"1870","520,-108,"
"1871","-89,-193,"
"1872","-143,143,"
"1873","-143,-94,"
"1874","-143,94,"
"1875","85,-472,"
"1876","85,623,"
"1877","-325,-149,"
"1878","-325,280,"
"1879","569,-149,"
"1880","569,280,"
"1881","76,-445,"
"1882","76,445,"
"1883","-76,-94,"
"1884","-76,94,"
"1885","76,-94,"
"1886","76,94,"
"1887","567,-63,"
"1888","-664,-455,"
"1889","716,-288,"
"1890","10,-222,"
"1891","-235,235,"
"1892","-235,-559,"
"1893","-242,-359,"
"1894","242,-359,"
"1895","559,235,"
"1896","559,-559,"
"1897","-8,-222,"
"1898","195,-120,"
"1899","374,185,"
"1900","374,-55,"
"1901","-565,185,"
"1902","-565,-55,"
"1903","-421,185,"
"1904","-421,-55,"
"1905","519,185,"
"1906","519,-55,"
"1907","-48,-580,"
"1908","-170,-717,"
"1909","-170,771,"
"1910","65,-717,"
"1911","65,771,"
"1912","465,-683,"
"1913","465,765,"
"1914","-942,33,"
"1915","-942,-31,"
"1916","143,-94,"
"1917","-237,115,"
"1918","-237,-43,"
"1919","247,115,"
"1920","247,-43,"
"1921","716,287,"
"1922","716,-323,"
"1923","716,-479,"
"1924","-942,287,"
"1925","-942,-323,"
"1926","-942,-479,"
"1927","-237,-567,"
"1928","247,-567,"
"1929","-4,40,"
"1930","4,40,"
"1931","-4,-95,"
"1932","4,-95,"
"1933","76,40,"
"1934","76,-95,"
"1935","44,1014,"
"1936","-92,1014,"
"1937","-54,928,"
"1938","293,"
"1939","293,-397,"
"1940","293,397,"
"1941","-424,-397,"
"1942","-424,397,"
"1943","288,-716,"
"1944","288,942,"
"1945","-495,-716,"
"1946","-495,942,"
"1947","-905,-4,"
"1948","-905,4,"
"1949","-290,-391,"
"1950","391,-391,"
"1951","-41,4,"
"1952","72,4,"
"1953","-4,-293,"
"1954","-459,-30,"
"1955","548,-30,"
"1956","-596,-30,"
"1957","808,-30,"
"1958","295,-85,"
"1959","166,162,"
"1960","166,-590,"
"1961","374,8,"
"1962","-565,8,"
"1963","-277,-10,"
"1964","-277,8,"
"1965","299,-10,"
"1966","299,8,"
"1967","580,-81,"
"1968","567,237,"
"1969","567,-247,"
"1970","-185,265,"
"1971","-185,-392,"
"1972","55,265,"
"1973","55,-392,"
"1974","-237,-63,"
"1975","247,-63,"
"1976","10,-3,"
"1977","10,45,"
"1978","-8,-3,"
"1979","-8,45,"
"1980","-283,573,"
"1981","-283,-855,"
"1982","79,573,"
"1983","79,-855,"
"1984","143,-445,"
"1985","143,94,"
"1986","-359,-359,"
"1987","-359,359,"
"1988","359,-359,"
"1989","359,359,"
"1990","-359,-445,"
"1991","359,-445,"
"1992","-359,-94,"
"1993","-359,94,"
"1994","359,-94,"
"1995","359,94,"
"1996","154,235,"
"1997","155,-120,"
"1998","-185,-222,"
"1999","-185,329,"
"2000","55,-222,"
"2001","55,329,"
"2002","155,765,"
"2003","-170,135,"
"2004","-170,-254,"
"2005","-185,135,"
"2006","-185,-254,"
"2007","55,135,"
"2008","55,-254,"
"2009","65,135,"
"2010","65,-254,"
"2011","-170,-156,"
"2012","-170,228,"
"2013","-185,-156,"
"2014","-185,228,"
"2015","55,-156,"
"2016","55,228,"
"2017","462,-656,"
"2018","-765,-63,"
"2019","938,613,"
"2020","226,-341,"
"2021","226,399,"
"2022","-2,-341,"
"2023","-2,399,"
"2024","-54,-3,"
"2025","62,-3,"
"2026","-163,942,"
"2027","434,942,"
"2028","108,-309,"
"2029","108,-484,"
"2030","108,-500,"
"2031","-76,-361,"
"2032","-76,361,"
"2033","76,-361,"
"2034","76,361,"
"2035","-135,-10,"
"2036","-135,8,"
"2037","254,-10,"
"2038","254,8,"
